id,Predicted
test_0_val_error,0.5926463439133912
test_0_train_error,0.8375743747395534
test_1_val_error,0.3756414629850592
test_1_train_error,0.3757031258066792
test_2_val_error,0.5190916758320719
test_2_train_error,0.651186668936816
test_3_val_error,0.6790631060327084
test_3_train_error,0.7922936433254375
test_4_val_error,0.6084233999718255
test_4_train_error,0.8697457284291847
test_5_val_error,0.5558948485730845
test_5_train_error,0.5132835030384071
test_6_val_error,0.697114101161534
test_6_train_error,0.9038049145117648
test_7_val_error,0.41672190649831986
test_7_train_error,0.38800404681003875
test_8_val_error,0.6626490757047014
test_8_train_error,0.7897940198629956
test_9_val_error,0.3380191358469187
test_9_train_error,0.13221454174713143
test_10_val_error,0.45285924600730454
test_10_train_error,0.418864475623961
test_11_val_error,0.37313703288898303
test_11_train_error,0.39034060078318134
test_12_val_error,0.3661158553301591
test_12_train_error,-0.050067276661656224
test_13_val_error,0.4842438846997048
test_13_train_error,0.6073343925305854
test_14_val_error,0.42159992856906625
test_14_train_error,0.2507108119598047
test_15_val_error,0.5068812458673538
test_15_train_error,0.454356795561478
test_16_val_error,0.426164196303797
test_16_train_error,0.2887341741556535
test_17_val_error,0.43493302437346293
test_17_train_error,0.42385703652422024
test_18_val_error,0.3861038722325225
test_18_train_error,0.23695817606034275
test_19_val_error,0.4193448468663613
test_19_train_error,0.16432075984364447
test_20_val_error,0.4154311728870429
test_20_train_error,-0.051097653891372
test_21_val_error,0.42463624929692756
test_21_train_error,0.49026063217149285
test_22_val_error,0.6106819298767943
test_22_train_error,0.7334807584222081
test_23_val_error,0.291211916618875
test_23_train_error,-0.06623556489488136
test_24_val_error,0.5250080889028655
test_24_train_error,0.6510165819168148
test_25_val_error,0.47909222511324356
test_25_train_error,0.5104661618640882
test_26_val_error,0.6737141608481709
test_26_train_error,0.7611248175597967
test_27_val_error,0.368722323852799
test_27_train_error,-0.3282676385408565
test_28_val_error,0.44111147120501515
test_28_train_error,0.04912359982946224
test_29_val_error,0.31571450115955346
test_29_train_error,0.3698637816635244
test_30_val_error,0.7208504746668538
test_30_train_error,0.8907407528710054
test_31_val_error,0.3730107008893744
test_31_train_error,0.22319406752724724
test_32_val_error,0.6703921029814548
test_32_train_error,0.7529586377619892
test_33_val_error,0.45353829110467614
test_33_train_error,0.09249405847622749
test_34_val_error,0.45611106670388524
test_34_train_error,-0.011872737967867364
test_35_val_error,0.5979642155593292
test_35_train_error,0.7298055177166998
test_36_val_error,0.5046017775585291
test_36_train_error,0.5414585083124781
test_37_val_error,0.5812237620505221
test_37_train_error,0.8020669069009478
test_38_val_error,0.4353419494014079
test_38_train_error,0.6195288766771825
test_39_val_error,0.4259588465734757
test_39_train_error,0.23091603527888638
test_40_val_error,0.6371329952344975
test_40_train_error,0.6145359926780263
test_41_val_error,0.6206045688294113
test_41_train_error,0.8318490531944585
test_42_val_error,0.6974299283604357
test_42_train_error,0.8698493687826467
test_43_val_error,0.6073499558811886
test_43_train_error,0.9084249683414114
test_44_val_error,0.4348354016899567
test_44_train_error,0.22553146649464884
test_45_val_error,0.34034456074452646
test_45_train_error,0.045320118591326786
test_46_val_error,0.48565030282025845
test_46_train_error,0.3070771206877321
test_47_val_error,0.4243735394072362
test_47_train_error,0.2796310492969074
test_48_val_error,0.5099093745057117
test_48_train_error,0.45485771761223304
test_49_val_error,0.5114821741865053
test_49_train_error,0.6009449013871755
test_50_val_error,0.2891650392857008
test_50_train_error,0.6967628623265176
test_51_val_error,0.6267629796223804
test_51_train_error,0.8643324500162823
test_52_val_error,0.6922820611699391
test_52_train_error,0.8703248431235668
test_53_val_error,0.5177936957251436
test_53_train_error,0.6381872283387231
test_54_val_error,0.5230264944354127
test_54_train_error,0.5587498207682511
test_55_val_error,0.43874510394372257
test_55_train_error,0.08113230251090053
test_56_val_error,0.4289447965530244
test_56_train_error,0.5781283408247713
test_57_val_error,0.3589070198917834
test_57_train_error,-0.11426796458348742
test_58_val_error,0.6444228665732472
test_58_train_error,0.8853891052287499
test_59_val_error,0.46354232671317674
test_59_train_error,-0.038366153310611106
test_60_val_error,0.4705090911541645
test_60_train_error,0.43397981962217824
test_61_val_error,0.3330491416846483
test_61_train_error,-0.08863127163696927
test_62_val_error,0.4419406438325193
test_62_train_error,0.40825269850836476
test_63_val_error,0.35805481306453824
test_63_train_error,0.1304214573334228
test_64_val_error,0.5005011701322148
test_64_train_error,0.6950900657722079
test_65_val_error,0.36219474439608235
test_65_train_error,-0.10042163819291783
test_66_val_error,0.5486630505799632
test_66_train_error,0.686476200733672
test_67_val_error,0.34379820809824413
test_67_train_error,0.3316410869803803
test_68_val_error,0.42725837369173936
test_68_train_error,0.20342207185785277
test_69_val_error,0.3692885467987145
test_69_train_error,0.5474140257821627
test_70_val_error,0.30127122982051513
test_70_train_error,0.3380000955915865
test_71_val_error,0.4309843572013755
test_71_train_error,0.25830307173570866
test_72_val_error,0.43955624476361355
test_72_train_error,0.4187040494012282
test_73_val_error,0.4813109018029227
test_73_train_error,0.6399236946586664
test_74_val_error,0.5145265656182417
test_74_train_error,0.6724700535084558
test_75_val_error,0.5189677485015423
test_75_train_error,0.6776767375533008
test_76_val_error,0.628172678219614
test_76_train_error,0.8276115972112763
test_77_val_error,0.41736850883890464
test_77_train_error,0.5939557861948634
test_78_val_error,0.37953027897193137
test_78_train_error,0.3523015476350737
test_79_val_error,0.3573031448428521
test_79_train_error,0.35162782840610896
test_80_val_error,0.4262095982663502
test_80_train_error,0.2672256703950271
test_81_val_error,0.5300532369326213
test_81_train_error,0.5808453543212522
test_82_val_error,0.6347083204107837
test_82_train_error,0.5170834703833245
test_83_val_error,0.7221676133710072
test_83_train_error,0.9115166065152287
test_84_val_error,0.5841406870766697
test_84_train_error,0.2562258638234145
test_85_val_error,0.4051095697902396
test_85_train_error,0.47786981831611164
test_86_val_error,0.4421678359958431
test_86_train_error,-0.08075255999250208
test_87_val_error,0.39749262342654645
test_87_train_error,-0.05996001301558873
test_88_val_error,0.4158264819993355
test_88_train_error,0.16839209553619905
test_89_val_error,0.45448461174737753
test_89_train_error,0.691805559780678
test_90_val_error,0.41525957469412145
test_90_train_error,0.22703544959883892
test_91_val_error,0.35355976843523373
test_91_train_error,0.3671239276350988
test_92_val_error,0.6864386415508266
test_92_train_error,0.8346799970084067
test_93_val_error,0.3666051886555931
test_93_train_error,0.38141482447608044
test_94_val_error,0.45677550339353234
test_94_train_error,0.3113465058880327
test_95_val_error,0.4220726874410472
test_95_train_error,0.8146846977796065
test_96_val_error,0.4312367504263823
test_96_train_error,0.25210066866469916
test_97_val_error,0.4516505942576804
test_97_train_error,0.5288515642058942
test_98_val_error,0.6370983895558578
test_98_train_error,0.8496490063974862
test_99_val_error,0.3186086632900825
test_99_train_error,0.1826206187384951
test_100_val_error,0.33167746762251227
test_100_train_error,-0.02821360654334737
test_101_val_error,0.41147544032739014
test_101_train_error,0.33375982335950405
test_102_val_error,0.45333535241097744
test_102_train_error,0.23056208203936301
test_103_val_error,0.49399579295900464
test_103_train_error,0.6488538280854865
test_104_val_error,0.5458081939199322
test_104_train_error,0.3223362380680872
test_105_val_error,0.7055051103469654
test_105_train_error,0.9123545486214744
test_106_val_error,0.3587325641289427
test_106_train_error,0.13287516328351345
test_107_val_error,0.6063979808168032
test_107_train_error,0.49888523020433495
test_108_val_error,0.6346721787879914
test_108_train_error,0.8646149157559109
test_109_val_error,0.4178478684247393
test_109_train_error,0.501563052500072
test_110_val_error,0.47729816860464325
test_110_train_error,0.8990474871732104
test_111_val_error,0.4438374518720426
test_111_train_error,0.1083332439820408
test_112_val_error,0.5191500054498726
test_112_train_error,0.4353671038264111
test_113_val_error,0.46725676241466485
test_113_train_error,0.6179123629945906
test_114_val_error,0.7217613926836739
test_114_train_error,0.8929538116428299
test_115_val_error,0.47788640929734316
test_115_train_error,0.2301967450387341
test_116_val_error,0.41586873408451663
test_116_train_error,0.5750948977478945
test_117_val_error,0.6545382075739004
test_117_train_error,0.7909633397084146
test_118_val_error,0.4229840584981599
test_118_train_error,0.4646643730591282
test_119_val_error,0.426358682475494
test_119_train_error,0.06607584385022536
test_120_val_error,0.4451663382376734
test_120_train_error,0.7099979748509984
test_121_val_error,0.7238032426169179
test_121_train_error,0.9288162826482689
test_122_val_error,0.33245255386237704
test_122_train_error,-0.06072932104281048
test_123_val_error,0.6338978285022236
test_123_train_error,0.7808357736546128
test_124_val_error,0.45274486624322585
test_124_train_error,0.4169795982914313
test_125_val_error,0.5256799904119105
test_125_train_error,0.6204870949783647
test_126_val_error,0.3063475965887973
test_126_train_error,0.8508184372599115
test_127_val_error,0.39901848842410026
test_127_train_error,0.4288593185430083
test_128_val_error,0.5741558256340281
test_128_train_error,0.744643760589599
test_129_val_error,0.5085449851236722
test_129_train_error,0.37190660427071154
test_130_val_error,0.5360261027712482
test_130_train_error,0.7474396539965842
test_131_val_error,0.4305356015058689
test_131_train_error,0.3824613548346807
test_132_val_error,0.45569193180360246
test_132_train_error,0.29663766702153693
test_133_val_error,0.4362112312410207
test_133_train_error,0.35057689866914177
test_134_val_error,0.5459919866614124
test_134_train_error,0.5423172560801002
test_135_val_error,0.6221196096783803
test_135_train_error,0.6868293776066656
test_136_val_error,0.41143041227789756
test_136_train_error,0.466591651402932
test_137_val_error,0.7237205212145247
test_137_train_error,0.8925381090844338
test_138_val_error,0.43217711280649884
test_138_train_error,0.2445093238964513
test_139_val_error,0.6436342194625235
test_139_train_error,0.8489481920123836
test_140_val_error,0.5661595132709377
test_140_train_error,0.847472638730195
test_141_val_error,0.654150554916799
test_141_train_error,0.8745591881519947
test_142_val_error,0.46108872822777247
test_142_train_error,-0.09737201101880633
test_143_val_error,0.4240991232518849
test_143_train_error,0.1220744734310435
test_144_val_error,0.355492297228473
test_144_train_error,0.29116735254071036
test_145_val_error,0.46712355760526414
test_145_train_error,0.5880900759747425
test_146_val_error,0.47372122485477
test_146_train_error,0.08084132330761218
test_147_val_error,0.33947076206133664
test_147_train_error,0.1077135878735822
test_148_val_error,0.7092629114496547
test_148_train_error,0.7963903428660573
test_149_val_error,0.609577336556162
test_149_train_error,0.7266374531070514
test_150_val_error,0.5066687075144458
test_150_train_error,0.7180948909381806
test_151_val_error,0.6234488972024841
test_151_train_error,0.8392909909644459
test_152_val_error,0.5926111439817735
test_152_train_error,0.7807498510306294
test_153_val_error,0.5252628683813575
test_153_train_error,0.5774823736534589
test_154_val_error,0.5513051024573227
test_154_train_error,0.575871569195413
test_155_val_error,0.44073527848694927
test_155_train_error,0.19169697105093686
test_156_val_error,0.4420712630892747
test_156_train_error,0.19976484896750812
test_157_val_error,0.707524213331106
test_157_train_error,0.9155034624223555
test_158_val_error,0.6930699440903009
test_158_train_error,0.8320830796293139
test_159_val_error,0.3609694885186876
test_159_train_error,0.13948351113648938
test_160_val_error,0.5152446380528746
test_160_train_error,0.5661012662584957
test_161_val_error,0.3899216892089382
test_161_train_error,0.10484710851769896
test_162_val_error,0.3443349232644203
test_162_train_error,0.836618302528821
test_163_val_error,0.3492030195075778
test_163_train_error,1.3126562286469878
test_164_val_error,0.4093092248085485
test_164_train_error,0.391654648206784
test_165_val_error,0.44501720061792727
test_165_train_error,0.2714842067863905
test_166_val_error,0.4814989434548106
test_166_train_error,0.889615918027417
test_167_val_error,0.41622300685613056
test_167_train_error,0.05201762401449894
test_168_val_error,0.3530702847626378
test_168_train_error,0.03194798746554073
test_169_val_error,0.4253459102223298
test_169_train_error,0.4671150304678455
test_170_val_error,0.6126348129474837
test_170_train_error,0.9030187445976032
test_171_val_error,0.3987442671785363
test_171_train_error,0.30229851722859835
test_172_val_error,0.42699688945582326
test_172_train_error,0.47724912409918363
test_173_val_error,0.5142437288258385
test_173_train_error,0.48951508593881443
test_174_val_error,0.4272872264009798
test_174_train_error,0.43786728778270434
test_175_val_error,0.5226312681703008
test_175_train_error,0.7181065483701798
test_176_val_error,0.5725563586486373
test_176_train_error,0.6975078302100057
test_177_val_error,0.502382065363856
test_177_train_error,0.7025204555467524
test_178_val_error,0.6452604872415916
test_178_train_error,0.8417428557363353
test_179_val_error,0.3327585387124994
test_179_train_error,0.17563744598051323
test_180_val_error,0.6528715282776496
test_180_train_error,0.7787273601753302
test_181_val_error,0.5836066474088113
test_181_train_error,0.6617695601338867
test_182_val_error,0.6207064068342424
test_182_train_error,0.8448650783515943
test_183_val_error,0.6989223088608023
test_183_train_error,0.9329295443126691
test_184_val_error,0.33303653473317363
test_184_train_error,0.5322085188538461
test_185_val_error,0.6988865342634569
test_185_train_error,0.9064880321211402
test_186_val_error,0.5911025974876861
test_186_train_error,0.5671080638571209
test_187_val_error,0.4139758788416602
test_187_train_error,0.6304767207023445
test_188_val_error,0.4202468457251066
test_188_train_error,0.363565941100328
test_189_val_error,0.3963035139462948
test_189_train_error,0.4682308752973523
test_190_val_error,0.6717981002683651
test_190_train_error,0.8655662081571098
test_191_val_error,0.31433856026354545
test_191_train_error,0.36956335330304846
test_192_val_error,0.43710371977576945
test_192_train_error,0.19142947019687462
test_193_val_error,0.6635104886489949
test_193_train_error,0.7832739309829491
test_194_val_error,0.49624921782342857
test_194_train_error,0.37670853169461327
test_195_val_error,0.4501173289237437
test_195_train_error,0.538827917116907
test_196_val_error,0.39360401004977386
test_196_train_error,-0.019436322615101975
test_197_val_error,0.5370073654294901
test_197_train_error,0.4332843337768917
test_198_val_error,0.4964629976992708
test_198_train_error,0.5745522631460418
test_199_val_error,0.6432920453700637
test_199_train_error,0.8898952342986866
test_200_val_error,0.45356158588157236
test_200_train_error,-0.04754054613475478
test_201_val_error,0.5632231867563305
test_201_train_error,0.8962253282224457
test_202_val_error,0.2960780799978776
test_202_train_error,0.19308428912539233
test_203_val_error,0.6431720505473456
test_203_train_error,0.8878473372108211
test_204_val_error,0.5400708809473199
test_204_train_error,0.7813837795132239
test_205_val_error,0.40021938439142124
test_205_train_error,0.5751718844434583
test_206_val_error,0.4590091340527769
test_206_train_error,0.278069844526347
test_207_val_error,0.5531583037608722
test_207_train_error,0.893324423388391
test_208_val_error,0.6312530151653486
test_208_train_error,0.572873453795838
test_209_val_error,0.4559183169571397
test_209_train_error,0.37252257260601085
test_210_val_error,0.5340623329722983
test_210_train_error,0.7706804903181552
test_211_val_error,0.43504675987910224
test_211_train_error,0.4374276483839805
test_212_val_error,0.4559879248692852
test_212_train_error,0.5313096310746281
test_213_val_error,0.534739787174511
test_213_train_error,0.5104739274867398
test_214_val_error,0.6555828662395369
test_214_train_error,0.8723394547013228
test_215_val_error,0.49749733357663684
test_215_train_error,0.8683427438997053
test_216_val_error,0.46007819870908606
test_216_train_error,0.6758298285180195
test_217_val_error,0.42025507873967494
test_217_train_error,0.3987518115708204
test_218_val_error,0.7099595188908137
test_218_train_error,0.8730923971210494
test_219_val_error,0.40740395463683676
test_219_train_error,0.23840419285171932
test_220_val_error,0.7055653714082701
test_220_train_error,0.9082784123782714
test_221_val_error,0.47549982066906216
test_221_train_error,0.7072094285409836
test_222_val_error,0.4390872169081026
test_222_train_error,0.33866322439608165
test_223_val_error,0.37917875955851676
test_223_train_error,-0.07972491095633516
test_224_val_error,0.4694376404382239
test_224_train_error,0.25802927430589206
test_225_val_error,0.5085057788213285
test_225_train_error,0.7187555413333471
test_226_val_error,0.5300178987575384
test_226_train_error,0.700256178692473
test_227_val_error,0.49320861761418355
test_227_train_error,0.7078864124559858
test_228_val_error,0.43975618048873955
test_228_train_error,0.40688771428159565
test_229_val_error,0.46193455824549445
test_229_train_error,0.4483120561028102
test_230_val_error,0.5036793736349933
test_230_train_error,0.6275929030110279
test_231_val_error,0.4495477307078337
test_231_train_error,0.38296185149995465
test_232_val_error,0.6065492374734928
test_232_train_error,0.8211425467193616
test_233_val_error,0.5237065272677477
test_233_train_error,0.6769116869864791
test_234_val_error,0.7204057622185229
test_234_train_error,0.872931995708176
test_235_val_error,0.2848769818481094
test_235_train_error,0.2598061423243856
test_236_val_error,0.4734170631941771
test_236_train_error,0.11693170526463947
test_237_val_error,0.4269853459670325
test_237_train_error,0.608077759709597
test_238_val_error,0.34306149798327656
test_238_train_error,0.4367399834110828
test_239_val_error,0.7095886389679168
test_239_train_error,0.8863861286504304
test_240_val_error,0.4399402213503991
test_240_train_error,0.4258828276126423
test_241_val_error,0.4542620166802186
test_241_train_error,0.10029046868107905
test_242_val_error,0.4972361398448004
test_242_train_error,0.4850096012378897
test_243_val_error,0.47780059316300594
test_243_train_error,0.5413670684305478
test_244_val_error,0.5437960106981881
test_244_train_error,0.45737269360887045
test_245_val_error,0.5002823989179344
test_245_train_error,0.7542443007813053
test_246_val_error,0.4640228544600957
test_246_train_error,0.5412921599133027
test_247_val_error,0.3552456057311463
test_247_train_error,0.14039430080536341
test_248_val_error,0.7173157265342932
test_248_train_error,0.9149819399498778
test_249_val_error,0.34740690943017827
test_249_train_error,0.22695626329580043
test_250_val_error,0.3326573849079716
test_250_train_error,0.363346188585288
test_251_val_error,0.5055883170305978
test_251_train_error,0.7129512772603117
test_252_val_error,0.4894006161124268
test_252_train_error,0.7263526078837039
test_253_val_error,0.2965374179096756
test_253_train_error,0.775945937800514
test_254_val_error,0.4108157091473522
test_254_train_error,0.40763762038437057
test_255_val_error,0.440354148757203
test_255_train_error,0.03508853240643406
test_256_val_error,0.3146155906317628
test_256_train_error,0.26515231940281714
test_257_val_error,0.5317422100255682
test_257_train_error,0.7319867447250561
test_258_val_error,0.3658211028825893
test_258_train_error,0.29422264793294994
test_259_val_error,0.4174923087331599
test_259_train_error,-0.10226336353908883
test_260_val_error,0.5489900145894813
test_260_train_error,0.8104350184726166
test_261_val_error,0.4344966379199676
test_261_train_error,0.16396117952157385
test_262_val_error,0.4811220167809751
test_262_train_error,0.5311679346125409
test_263_val_error,0.451048995856695
test_263_train_error,-0.033534719644267685
test_264_val_error,0.5968392377621341
test_264_train_error,0.41193546827494987
test_265_val_error,0.45391951635013816
test_265_train_error,0.5853872129464486
test_266_val_error,0.4106951988156713
test_266_train_error,0.23601331140043702
test_267_val_error,0.4414236632300632
test_267_train_error,0.23980946410137483
test_268_val_error,0.6069099459917613
test_268_train_error,0.8422691726945362
test_269_val_error,0.4231846941568027
test_269_train_error,0.485904911518215
test_270_val_error,0.3494741801147826
test_270_train_error,0.4046823819381793
test_271_val_error,0.42394977735286477
test_271_train_error,0.38561933571516493
test_272_val_error,0.37069424642365134
test_272_train_error,0.32439417362786593
test_273_val_error,0.589510229359496
test_273_train_error,0.7846189871607148
test_274_val_error,0.6870231247874132
test_274_train_error,0.6711406251466283
test_275_val_error,0.34817156180507214
test_275_train_error,0.165895221705048
test_276_val_error,0.49073369740905737
test_276_train_error,0.646458956398164
test_277_val_error,0.43364714183849673
test_277_train_error,0.2900209622711325
test_278_val_error,0.7055718661806867
test_278_train_error,0.8590894573966892
test_279_val_error,0.3524281806164177
test_279_train_error,0.11635163873535492
test_280_val_error,0.4922414243991734
test_280_train_error,-0.22128846374405642
test_281_val_error,0.4900078190333744
test_281_train_error,0.39453644291067524
test_282_val_error,0.5662213411742224
test_282_train_error,0.5449331771154584
test_283_val_error,0.31125997571182373
test_283_train_error,0.31928762271289335
test_284_val_error,0.4321235325269528
test_284_train_error,0.44036885569237927
test_285_val_error,0.4000100785320845
test_285_train_error,0.41810464599124475
test_286_val_error,0.32240525507891715
test_286_train_error,0.6175583745754285
test_287_val_error,0.434052454632875
test_287_train_error,0.1884609517346829
test_288_val_error,0.6070149226227801
test_288_train_error,0.8519507581312913
test_289_val_error,0.47225399726872164
test_289_train_error,0.2698606679363629
test_290_val_error,0.44073061754403764
test_290_train_error,0.384828641780649
test_291_val_error,0.3858263987964783
test_291_train_error,0.10942736463082925
test_292_val_error,0.4272479709995912
test_292_train_error,0.6243916058273176
test_293_val_error,0.5489946192621825
test_293_train_error,0.6530156283215398
test_294_val_error,0.4627133302079287
test_294_train_error,0.7256758801968621
test_295_val_error,0.4923667869280467
test_295_train_error,0.6062642477460576
test_296_val_error,0.29310442666964576
test_296_train_error,0.07617375647896285
test_297_val_error,0.44977605120478004
test_297_train_error,0.021033812066030055
test_298_val_error,0.5394149559211276
test_298_train_error,0.6715261039817595
test_299_val_error,0.4179396969876521
test_299_train_error,0.3005218130557292
test_300_val_error,0.41431650844448764
test_300_train_error,-0.05812592526005678
test_301_val_error,0.3367700268261967
test_301_train_error,0.14590511972022524
test_302_val_error,0.44283063045545523
test_302_train_error,0.4800814163325906
test_303_val_error,0.3861057094442273
test_303_train_error,0.24445519864383725
test_304_val_error,0.450927939884852
test_304_train_error,0.2944943356278713
test_305_val_error,0.3501495325751983
test_305_train_error,0.4382061363635279
test_306_val_error,0.6963699692600231
test_306_train_error,0.8961118730642219
test_307_val_error,0.5439534379516016
test_307_train_error,0.703746353010035
test_308_val_error,0.4016197705956768
test_308_train_error,0.35063302214501024
test_309_val_error,0.4558764619006309
test_309_train_error,0.36934712980803863
test_310_val_error,0.5283652559232875
test_310_train_error,0.6365557726204989
test_311_val_error,0.6394848876762069
test_311_train_error,0.8535815995835747
test_312_val_error,0.41027989962830225
test_312_train_error,0.2690658576978211
test_313_val_error,0.5645689067343469
test_313_train_error,0.6258300962088541
test_314_val_error,0.6147487948142607
test_314_train_error,0.8241679974322509
test_315_val_error,0.4477317902441731
test_315_train_error,-0.1933245174449676
test_316_val_error,0.46524432074253685
test_316_train_error,0.7218539215562803
test_317_val_error,0.4379879436126466
test_317_train_error,0.37147893478780825
test_318_val_error,0.6206033000010079
test_318_train_error,0.813382637750437
test_319_val_error,0.6332625183860423
test_319_train_error,0.6619252843729881
test_320_val_error,0.42383534911268017
test_320_train_error,0.33282631340533486
test_321_val_error,0.7036229480814319
test_321_train_error,0.619698896136714
test_322_val_error,0.4477518768593569
test_322_train_error,0.3702744073329385
test_323_val_error,0.5006737840392748
test_323_train_error,0.5486778081648642
test_324_val_error,0.44564683492461565
test_324_train_error,0.11008154131336889
test_325_val_error,0.7255730398045998
test_325_train_error,0.8730747697623482
test_326_val_error,0.6934952690700675
test_326_train_error,0.8934820959934393
test_327_val_error,0.69999565849202
test_327_train_error,0.9186990490422737
test_328_val_error,0.3981325193640709
test_328_train_error,0.3725244349118093
test_329_val_error,0.38578325355616183
test_329_train_error,0.48786202890354624
test_330_val_error,0.5248587384206373
test_330_train_error,0.6588149102640573
test_331_val_error,0.6082954534373418
test_331_train_error,0.7770603628582087
test_332_val_error,0.6108362989033378
test_332_train_error,0.8686450297982395
test_333_val_error,0.4833335733781071
test_333_train_error,0.4785163756050548
test_334_val_error,0.4605190873563155
test_334_train_error,0.22026672085726107
test_335_val_error,0.4128679450929652
test_335_train_error,-0.1674868535283196
test_336_val_error,0.340150453613949
test_336_train_error,-0.0920289138226863
test_337_val_error,0.6245883496221676
test_337_train_error,0.716122252669033
test_338_val_error,0.4128000750586823
test_338_train_error,0.4888062186922244
test_339_val_error,0.41554672431344464
test_339_train_error,0.3075225437505169
test_340_val_error,0.6694143341155875
test_340_train_error,0.771254068457597
test_341_val_error,0.42248007999072357
test_341_train_error,0.43609109071433827
test_342_val_error,0.47634378428457935
test_342_train_error,0.28857193649320334
test_343_val_error,0.6179730248820041
test_343_train_error,0.8897806478153434
test_344_val_error,0.5361159779459047
test_344_train_error,0.602873335093334
test_345_val_error,0.4671134053865884
test_345_train_error,0.3332752909077217
test_346_val_error,0.3762363657192245
test_346_train_error,0.7307721287479667
test_347_val_error,0.535732521338383
test_347_train_error,0.719798148728642
test_348_val_error,0.357198342464388
test_348_train_error,0.4160001385777454
test_349_val_error,0.43858314848200897
test_349_train_error,0.17797718342989444
test_350_val_error,0.616203167475804
test_350_train_error,0.4207801680312191
test_351_val_error,0.4746580110850118
test_351_train_error,0.6798234945264994
test_352_val_error,0.36252793257859506
test_352_train_error,0.25932588450990024
test_353_val_error,0.3812314157946355
test_353_train_error,0.5254034226221134
test_354_val_error,0.6486096710652987
test_354_train_error,0.6929480741586438
test_355_val_error,0.47781897999200895
test_355_train_error,0.5404585694215955
test_356_val_error,0.736120207717941
test_356_train_error,0.8927775083956873
test_357_val_error,0.5947369033697281
test_357_train_error,0.7950238479262339
test_358_val_error,0.34912972123914965
test_358_train_error,0.05052750699764874
test_359_val_error,0.7006052617745947
test_359_train_error,0.9461227753116404
test_360_val_error,0.4100353207193346
test_360_train_error,0.26562890747753864
test_361_val_error,0.3770585335033827
test_361_train_error,-0.10686283907042837
test_362_val_error,0.4475575999416458
test_362_train_error,0.717228392552425
test_363_val_error,0.47918963776553836
test_363_train_error,0.8182929805115038
test_364_val_error,0.3162960954860604
test_364_train_error,-0.017114391807380613
test_365_val_error,0.43407777816463133
test_365_train_error,0.4797651114987247
test_366_val_error,0.38759715224556957
test_366_train_error,0.6141247517287927
test_367_val_error,0.5003843500647596
test_367_train_error,0.6927489685128425
test_368_val_error,0.42366694749478184
test_368_train_error,0.5414139458173717
test_369_val_error,0.6635206909414824
test_369_train_error,0.794768038616702
test_370_val_error,0.4550767707496417
test_370_train_error,0.38117997400201253
test_371_val_error,0.7316591606827035
test_371_train_error,0.9204390086978511
test_372_val_error,0.3539704349978269
test_372_train_error,0.011359264477293074
test_373_val_error,0.36396718040713083
test_373_train_error,0.1270701461700734
test_374_val_error,0.5442867299267643
test_374_train_error,0.853353643739647
test_375_val_error,0.5740077112217266
test_375_train_error,0.8575112152965596
test_376_val_error,0.4507125714635074
test_376_train_error,0.20115296971711794
test_377_val_error,0.5345384436128606
test_377_train_error,0.7910104413133794
test_378_val_error,0.357609013975018
test_378_train_error,0.397239734986069
test_379_val_error,0.4881669319831343
test_379_train_error,0.6776326340253742
test_380_val_error,0.4338670017657066
test_380_train_error,0.23743612584885
test_381_val_error,0.5336964161837382
test_381_train_error,0.4421621138609637
test_382_val_error,0.4631825686390628
test_382_train_error,0.5453392334480751
test_383_val_error,0.47471147739888175
test_383_train_error,0.42269641959561244
test_384_val_error,0.3983494987691204
test_384_train_error,0.15924040882854906
test_385_val_error,0.44076727214513434
test_385_train_error,0.6395737305417708
test_386_val_error,0.3593374473234999
test_386_train_error,0.20438427019090688
test_387_val_error,0.7076905450855239
test_387_train_error,0.8865267873057265
test_388_val_error,0.7238401603255554
test_388_train_error,0.9192122429712539
test_389_val_error,0.5193549013731312
test_389_train_error,0.7150246014482675
test_390_val_error,0.5046100752712863
test_390_train_error,0.6309060140461258
test_391_val_error,0.4666970591848171
test_391_train_error,0.4512295823520833
test_392_val_error,0.7068145798238643
test_392_train_error,0.9068403043244759
test_393_val_error,0.48844026932014706
test_393_train_error,-0.011228345338659684
test_394_val_error,0.36120166466805015
test_394_train_error,0.021381670734870295
test_395_val_error,0.2958029971337762
test_395_train_error,0.21302882205105078
test_396_val_error,0.4198280445317505
test_396_train_error,0.443787899744293
test_397_val_error,0.46989538550720544
test_397_train_error,0.28223980639575785
test_398_val_error,0.6068775403889844
test_398_train_error,0.5423121201123735
test_399_val_error,0.47526374742596555
test_399_train_error,0.5345807646835323
test_400_val_error,0.3968831397685605
test_400_train_error,-0.01749540602763333
test_401_val_error,0.7143178264057619
test_401_train_error,0.865382012497842
test_402_val_error,0.5750538364053566
test_402_train_error,0.7753585364782107
test_403_val_error,0.5309084851065763
test_403_train_error,0.7744831175556446
test_404_val_error,0.4623174767425716
test_404_train_error,0.6040420314010586
test_405_val_error,0.5350024126805031
test_405_train_error,0.45763872844323505
test_406_val_error,0.472723587920427
test_406_train_error,0.674647235806608
test_407_val_error,0.69571842912945
test_407_train_error,0.8817332898542605
test_408_val_error,0.4115141669631944
test_408_train_error,0.03381768224234194
test_409_val_error,0.6072364712390812
test_409_train_error,0.8135965598827173
test_410_val_error,0.4234203554539099
test_410_train_error,-0.09892663267809343
test_411_val_error,0.4223914011895197
test_411_train_error,0.4441935969763733
test_412_val_error,0.5072124329998716
test_412_train_error,0.3628794852636805
test_413_val_error,0.7271705268937121
test_413_train_error,0.8776479729285296
test_414_val_error,0.4609737442160199
test_414_train_error,0.6539569172708573
test_415_val_error,0.35446675031841557
test_415_train_error,-0.007683354308463897
test_416_val_error,0.4178003180841636
test_416_train_error,0.6066569213204309
test_417_val_error,0.4480926352632233
test_417_train_error,0.4654939933094242
test_418_val_error,0.3579592031587747
test_418_train_error,-0.03896225595104763
test_419_val_error,0.6526889958844524
test_419_train_error,0.8179228027296837
test_420_val_error,0.610616604784032
test_420_train_error,0.8913606105085805
test_421_val_error,0.49845587479148723
test_421_train_error,0.5104737103939898
test_422_val_error,0.4489384250222209
test_422_train_error,0.7735931370472093
test_423_val_error,0.39786564407508007
test_423_train_error,0.2794543611398097
test_424_val_error,0.5216205838493034
test_424_train_error,0.7038205312297812
test_425_val_error,0.5065552205774326
test_425_train_error,0.6539875105267721
test_426_val_error,0.46071452370091337
test_426_train_error,0.6281000428446475
test_427_val_error,0.47642583962198626
test_427_train_error,0.8082876867748794
test_428_val_error,0.5321960023891604
test_428_train_error,0.6714890807840257
test_429_val_error,0.4697083500502701
test_429_train_error,0.47807850362717663
test_430_val_error,0.3345628167101432
test_430_train_error,0.051620785688760495
test_431_val_error,0.44689511172332186
test_431_train_error,-0.08601841086990314
test_432_val_error,0.45928540245593097
test_432_train_error,-0.022420051961361098
test_433_val_error,0.37562779432096094
test_433_train_error,0.26030675409277637
test_434_val_error,0.4368902514303481
test_434_train_error,0.8473145156196094
test_435_val_error,0.6704102497658748
test_435_train_error,0.8756183898778336
test_436_val_error,0.5201558398403519
test_436_train_error,0.2899689296166732
test_437_val_error,0.41622575154221064
test_437_train_error,0.423175158915418
test_438_val_error,0.39105654813535184
test_438_train_error,-0.000528539741044276
test_439_val_error,0.41802512888857146
test_439_train_error,0.34709711663713105
test_440_val_error,0.4483365058260639
test_440_train_error,0.24390212662234623
test_441_val_error,0.7046075467371591
test_441_train_error,0.8362356408837937
test_442_val_error,0.43356553110565144
test_442_train_error,0.27301299465912243
test_443_val_error,0.4627586111663663
test_443_train_error,0.5086935849134189
test_444_val_error,0.4386209697868533
test_444_train_error,0.38144638650919505
test_445_val_error,0.4286840245433371
test_445_train_error,0.5248920162131945
test_446_val_error,0.5625480574680216
test_446_train_error,-0.08452149793643515
test_447_val_error,0.36719062348335507
test_447_train_error,0.5725117412841747
test_448_val_error,0.4575902761956626
test_448_train_error,0.41485588133328233
test_449_val_error,0.42970501201563305
test_449_train_error,0.4637154026614676
test_450_val_error,0.4315115531102165
test_450_train_error,0.544182614889823
test_451_val_error,0.7185685567255112
test_451_train_error,0.8951981774989928
test_452_val_error,0.36784389593350875
test_452_train_error,-0.1366596526638687
test_453_val_error,0.4471641790565105
test_453_train_error,0.48983952816245924
test_454_val_error,0.4166887588821149
test_454_train_error,0.38986827957407866
test_455_val_error,0.5727694598599571
test_455_train_error,0.7913196397615267
test_456_val_error,0.4322553213551459
test_456_train_error,0.40012961069219943
test_457_val_error,0.4402499782226319
test_457_train_error,0.49760359719352354
test_458_val_error,0.5272398150462124
test_458_train_error,-0.01955570426527864
test_459_val_error,0.3678927480974833
test_459_train_error,-0.0758754782725839
test_460_val_error,0.5387975457673654
test_460_train_error,0.6989775301726795
test_461_val_error,0.3980452264478854
test_461_train_error,0.5200944274794848
test_462_val_error,0.3124389580312643
test_462_train_error,0.2712714667522593
test_463_val_error,0.4387625439312385
test_463_train_error,0.3686887066592426
test_464_val_error,0.48326773707475335
test_464_train_error,0.5777612962421614
test_465_val_error,0.46629652858615256
test_465_train_error,0.4608641254530028
test_466_val_error,0.45038485976641884
test_466_train_error,0.5963252647614568
test_467_val_error,0.44872935719426044
test_467_train_error,0.43207378880546865
test_468_val_error,0.372512374023497
test_468_train_error,0.324101245791639
test_469_val_error,0.6543178914541364
test_469_train_error,0.637652789688538
test_470_val_error,0.4855761686106508
test_470_train_error,0.3438976738171029
test_471_val_error,0.3574227739472806
test_471_train_error,0.02515547576651067
test_472_val_error,0.5223898401805952
test_472_train_error,0.6963428944435937
test_473_val_error,0.3656882448879637
test_473_train_error,0.034802762378471686
test_474_val_error,0.44480231042676366
test_474_train_error,0.36588683562833135
test_475_val_error,0.466041343270606
test_475_train_error,0.46685536726809107
